crm,Orden
T-Cross Trendline,360
T-Cross Comfortline,365
T-Cross Highline,366
Nivus Trendline,379
Nivus Comfortline,380
Nivus Highline,381
Nivus Highline Hero,382
Taos Comfortline,632
Taos Highline,633
Taos Highline Hero,634
Amarok 2.0 Trendline 4x2 MT,750
Amarok  Trendline 4x4,755
Amarok 2.0 Trendline 4x4 MT,755
Amarok 2.0 Comfortline 4x2 MT,762
Amarok  Comfortline 4x2 AT,763
Amarok 2.0 Comfortline 4x2 AT,763
Amarok 2.0 Highline 4x2 MT,770
Amarok  Highline 4x2 AT,771
Amarok 2.0 Highline 4x2 AT,771
Amarok 2.0 Comfortline 4x4 MT,785
Amarok 2.0 Highline 4x4 MT,790
Amarok  Highline 4x4 AT,795
Amarok 2.0 Highline 4x4 AT,795
Amarok V6 Comfortline 4x4 AT,850
Amarok V6 Highline 4x4 AT,851
Amarok V6 Extreme,852
Amarok V6 Extreme  AT,852
Amarok V6 Extreme 4x4 AT,852
Polo Trend,343
Polo MSI MT,344
Polo MSI AT,345
Polo Highline AT,349
Polo GTS AT,350
Vento 1.4 Higline,507
Tiguan Comfortline,648
Tiguan Highline,647
Tiguan Trendline,646
Polo Trendline ,343
Taos Highline ,633
Amarok 2.0 Comfortline 4x4 AT,0
Amarok 2.0 Comfortline AT,0
Amarok 2.0 Highline AT,0
Amarok 2.0 Trendline MT,0
Amarok 4x4 AT,0
Amarok AT,0
Amarok Comfortline 4x2 AT,763
Amarok Comfortline 4x4 AT,0
Amarok Comfortline AT,0
Amarok Highline 4x2 AT,771
Amarok Highline 4x4 AT,0
Amarok Highline AT,0
Amarok V6 4x4 AT,0
Nivus ,0
Nivus Comfortline ,380
Nivus Hero ,382
Nivus Highline ,381
Nivus Trendline ,379
Polo ,0
Polo Comfortline ,0
Polo Highline ,0
T-Cross ,0
T-Cross Comfortline ,365
T-Cross Highline ,366
T-Cross Trendline ,360
Taos ,0
Taos Comfortline ,632
Taos Hero ,634
Tiguan ,0
Tiguan Comfortline ,647
Tiguan Highline ,648
Tiguan Trendline ,0
Vento Highline ,507
Virtus ,0
Virtus Comfortline ,354
Virtus Highline ,356
Virtus Trendline ,351
